<?xml version="1.0" encoding="UTF-8" ?>
<!DOCTYPE mapper
        PUBLIC "-//mybatis.org//DTD Config 3.0//EN"
        "http://mybatis.org/dtd/mybatis-3-mapper.dtd">
<mapper namespace="com.zq.mapper.BookMapper">
    <insert id="addbook">
        INSERT INTO `book`(`bookname`, `bookcounts`, `detail`)
        VALUES (#{bookName}, #{bookCounts}, #{detail})
    </insert>
    <delete id="deletebook">
        DELETE FROM book WHERE bookid = #{id}
    </delete>
    <select id="listBook" resultType="com.zq.pojo.Book">
        select * from book
    </select>
    <select id="getbookbyid" resultType="com.zq.pojo.Book">
        select * from book where bookid=#{id}
    </select>
    <update id="updatebook">
        UPDATE `book` SET `bookname` = #{bookName}, `bookcounts` = #{bookCounts}, `detail` = #{detail} WHERE `bookid` = #{bookID}
    </update>
    <update id="borrowbook">
        UPDATE `book` SET `bookcounts` = bookcounts-1 WHERE `bookid`= #{id}
    </update>
</mapper>
